nome,cpf,email
Dahlia G. Barnett,22666987528,sapien@convallisdolorQuisque.co.uk
Camden U. Cantrell,92751566900,Morbi.vehicula.Pellentesque@metusfacilisis.ca
Tatyana K. Pate,90391890207,et.netus@veliteget.org
Kylynn H. Gray,87631056126,quam.vel.sapien@eutellus.edu
Xander G. Barrera,42386177720,ornare@indolor.com
Stuart Reed,27148250738,et@interdumNuncsollicitudin.co.uk
Erica T. Smith,13959523497,Aenean.euismod@eleifend.edu
Erica Coffey,16765057667,vulputate.mauris.sagittis@nibhdolor.net
Gareth E. Galloway,20810898476,gravida.nunc@nullaIntegervulputate.net
Dolan F. Velasquez,49232896624,Suspendisse.non@magna.net
Phillip Q. Taylor,70177474162,Aenean.massa@nec.org
Celeste D. Shelton,60833495565,ligula.eu@famesacturpis.net
Ina Hatfield,92946316881,venenatis.lacus@magnaa.com
Hayley Blanchard,22948236763,odio.sagittis.semper@faucibuslectus.ca
Quail Webb,64628990987,tempor.lorem@nisi.net
Cecilia Kidd,67434734602,congue.elit@dolor.org
Isadora Camacho,28598339648,at.augue@pretiumnequeMorbi.edu
Cairo Jordan,77212704262,pharetra.sed.hendrerit@iaculisnec.ca
Gabriel Powell,66487600447,nec.eleifend@quislectus.ca
Michael Skinner,81842086174,nec.tempus.scelerisque@lacus.co.uk
Dorian Fuentes,86897285199,amet.consectetuer@purus.net
Natalie Luna,70047574655,diam.Pellentesque.habitant@dapibus.ca
Lisandra C. Craft,59796044809,libero.lacus.varius@Duis.edu
Vance Nolan,12607935319,morbi.tristique.senectus@arcuiaculis.com
Yasir Salas,88010829190,magna.Nam.ligula@est.org
Dale E. Durham,70052991434,Suspendisse.sed.dolor@malesuadavelconvallis.ca
Kennedy Q. Butler,82801254093,urna@cursusetmagna.com
Oprah Gillespie,13560037025,enim.sit@nibh.ca
Cynthia J. Mcintyre,68122860002,Cum@maurisipsum.org
Silas D. Hester,77788563114,dis.parturient@non.ca
Quinn Haynes,32596911158,vulputate.ullamcorper.magna@tellusPhaselluselit.edu
Kuame Phelps,27279772236,eleifend@ullamcorperDuiscursus.ca
Hollee Watkins,28390417827,orci.Donec@Sednunc.edu
Skyler Serrano,12224394414,tincidunt.adipiscing@velturpis.edu
Kaseem X. Ingram,49160541676,sollicitudin.a@ipsum.com
Ezekiel Buck,56980295727,tincidunt@litoratorquentper.edu
Gary U. Love,64426865842,in.dolor@id.edu
Wylie Sullivan,42697936917,ipsum.Curabitur@atsemmolestie.net
Hiroko Valentine,21422489732,ligula.Aenean.euismod@arcu.edu
Abraham Tillman,70847544901,a@mi.co.uk
Chantale Q. House,22215309904,semper.cursus.Integer@rhoncusNullamvelit.edu
Latifah T. Conner,91498795151,lorem.auctor@ultricesiaculis.net
Cade I. Frank,87169000051,accumsan.interdum@lobortismaurisSuspendisse.ca
Knox Rodriquez,46080523977,non.feugiat@dis.com
Patrick M. Fowler,38918948877,adipiscing@semperpretiumneque.com
